timestamp,ranks
"2020-11-04 03:32:40",1
"2020-11-04 07:08:18",2
"2020-11-04 01:41:00",3
"2020-11-04 20:19:51",4
"2020-11-04 05:32:10",5
"2020-11-04 17:33:56",6
"2020-11-04 03:47:34",7
"2020-11-04 20:47:22",8
"2020-11-04 02:58:51",9
"2020-11-04 19:06:04",10
"2020-11-04 05:27:31",11
"2020-11-04 02:37:37",12
"2020-11-04 15:11:18",13
"2020-11-04 07:37:18",14
"2020-11-04 01:11:32",15
"2020-11-04 03:39:45",16
"2020-11-04 03:11:50",17
"2020-11-04 02:22:26",18
"2020-11-06 13:48:29",19
"2020-11-04 04:31:58",20
"2020-11-04 09:39:44",21
"2020-11-04 03:28:32",22
"2020-11-04 20:02:30",23
"2020-11-04 04:07:12",24
"2020-11-04 03:17:45",25
"2020-11-04 16:51:34",26
"2020-11-04 03:58:36",27
"2020-11-04 14:16:04",28
"2020-11-04 03:08:04",29
"2020-11-04 02:16:40",30
"2020-11-04 20:41:12",31
"2020-11-04 20:11:11",32
"2020-11-04 02:21:55",33
"2020-11-04 02:52:59",34
"2020-11-04 01:58:03",35
"2020-11-04 18:36:12",36
"2020-11-06 01:32:14",37
"2020-11-04 21:20:48",38
"2020-11-05 04:01:20",39
"2020-11-04 12:26:42",40
"2020-11-04 04:17:19",41
"2020-11-04 13:08:49",42
"2020-11-05 22:11:15",43
"2020-11-04 09:06:53",44
"2020-11-05 20:22:19",45
"2020-11-04 02:43:32",46
"2020-11-04 23:46:45",47
"2020-11-05 02:37:24",48
"2020-11-04 04:00:31",49
"2020-11-05 23:56:33",50
"2020-11-04 15:47:05",51
"2020-11-04 22:14:46",52
"2020-11-04 02:07:46",53
"2020-11-04 03:16:43",54
"2020-11-05 01:03:58",55
"2020-11-05 23:18:35",56
"2020-11-06 04:31:05",57
"2020-11-04 17:42:07",58
"2020-11-05 06:01:05",59
"2020-11-04 18:27:17",60
"2020-11-04 22:21:36",61
"2020-11-05 16:53:45",62
"2020-11-04 02:33:08",63
"2020-11-06 06:22:25",64
"2020-11-04 01:47:45",65
"2020-11-05 20:50:25",66
"2020-11-04 17:48:47",67
"2020-11-05 18:42:02",68
"2020-11-06 19:10:53",69
"2020-11-06 01:19:47",70
"2020-11-07 20:50:18",71
"2020-11-04 01:51:32",72
"2020-11-05 14:01:50",73
"2020-11-10 21:30:56",74
"2020-11-06 23:41:21",75
"2020-11-06 22:01:06",76
"2020-11-07 16:35:54",77
"2020-11-04 16:57:01",78
"2020-11-08 04:34:00",79
"2020-11-11 00:16:54",80
"2020-11-07 01:56:04",81
"2020-11-10 18:52:23",82
"2020-11-04 21:02:00",83
"2020-11-09 03:23:36",84
"2020-11-10 23:31:18",85
"2020-11-09 21:31:25",86
"2020-11-06 15:38:36",87
"2020-11-05 15:11:13",88
"2020-11-09 18:56:27",89
"2020-11-10 06:03:21",90
"2020-11-08 15:52:00",91
"2020-11-04 11:42:30",92
"2020-11-09 14:45:53",93
"2020-11-09 16:31:43",94
"2020-11-10 20:13:12",95
"2020-11-08 00:17:56",96
"2020-11-03 19:47:21",97
"2020-11-04 01:02:56",97
"2020-11-04 01:15:49",97
"2020-11-04 01:16:22",97
"2020-11-04 01:20:49",97
"2020-11-04 01:31:00",97
"2020-11-04 01:37:59",97
"2020-11-04 01:56:46",97
"2020-11-04 02:02:27",97
"2020-11-04 02:12:30",97
"2020-11-04 02:23:43",97
"2020-11-04 02:41:48",97
"2020-11-04 02:46:36",97
"2020-11-04 02:48:21",97
"2020-11-04 02:57:03",97
"2020-11-04 03:01:12",97
"2020-11-04 03:23:32",97
"2020-11-04 03:25:36",97
"2020-11-04 03:30:10",97
"2020-11-04 03:32:07",97
"2020-11-04 03:36:46",97
"2020-11-04 03:51:55",97
"2020-11-04 04:02:32",97
"2020-11-04 04:11:09",97
"2020-11-04 04:19:38",97
"2020-11-04 04:21:05",97
"2020-11-04 04:24:42",97
"2020-11-04 04:35:50",97
"2020-11-04 04:42:04",97
"2020-11-04 04:51:15",97
"2020-11-04 04:57:54",97
"2020-11-04 05:01:47",97
"2020-11-04 05:36:29",97
"2020-11-04 05:47:38",97
"2020-11-04 06:04:43",97
"2020-11-04 06:22:32",97
"2020-11-04 06:29:19",97
"2020-11-04 06:31:07",97
"2020-11-04 06:42:15",97
"2020-11-04 06:46:11",97
"2020-11-04 07:12:42",97
"2020-11-04 07:21:12",97
"2020-11-04 07:43:45",97
"2020-11-04 08:02:03",97
"2020-11-04 08:16:20",97
"2020-11-04 08:31:05",97
"2020-11-04 10:25:19",97
"2020-11-04 14:09:35",97
"2020-11-04 14:27:12",97
"2020-11-04 15:00:33",97
"2020-11-04 16:01:46",97
"2020-11-04 16:09:34",97
"2020-11-04 16:46:06",97
"2020-11-04 17:21:28",97
"2020-11-04 19:30:12",97
"2020-11-04 19:36:36",97
"2020-11-04 19:42:53",97
"2020-11-04 19:47:16",97
"2020-11-04 20:36:57",97
"2020-11-04 21:30:53",97
"2020-11-04 21:40:39",97
"2020-11-04 21:45:43",97
"2020-11-04 23:01:09",97
"2020-11-04 23:16:00",97
"2020-11-04 23:50:41",97
"2020-11-05 00:16:15",97
"2020-11-05 01:22:08",97
"2020-11-05 02:07:51",97
"2020-11-05 03:16:38",97
"2020-11-05 03:21:08",97
"2020-11-05 14:20:34",97
"2020-11-05 14:40:36",97
"2020-11-05 19:11:17",97
"2020-11-05 19:31:02",97
"2020-11-05 20:01:39",97
"2020-11-05 21:06:26",97
"2020-11-05 21:45:48",97
"2020-11-05 22:46:36",97
"2020-11-06 00:46:21",97
"2020-11-06 01:50:34",97
"2020-11-06 02:11:31",97
"2020-11-06 02:21:31",97
"2020-11-06 02:35:52",97
"2020-11-06 03:16:21",97
"2020-11-06 07:39:29",97
"2020-11-06 10:27:52",97
"2020-11-06 13:35:45",97
"2020-11-06 14:11:15",97
"2020-11-06 16:26:51",97
"2020-11-06 20:15:38",97
"2020-11-06 20:30:49",97
"2020-11-06 22:26:01",97
"2020-11-06 22:36:05",97
"2020-11-06 23:51:43",97
"2020-11-07 03:01:22",97
"2020-11-07 03:46:12",97
"2020-11-07 10:07:26",97
"2020-11-07 14:56:50",97
"2020-11-07 16:41:11",97
"2020-11-07 19:10:27",97
"2020-11-07 21:25:49",97
"2020-11-07 22:52:02",97
"2020-11-07 23:06:36",97
"2020-11-08 06:10:53",97
"2020-11-08 21:06:10",97
"2020-11-08 22:49:03",97
"2020-11-09 15:51:34",97
"2020-11-09 17:11:11",97
"2020-11-09 19:31:31",97
"2020-11-09 21:35:31",97
"2020-11-09 23:44:13",97
"2020-11-10 00:22:30",97
"2020-11-10 14:57:39",97
"2020-11-10 16:18:07",97
"2020-11-10 21:45:52",97
"2020-11-11 03:01:18",97
"2020-11-11 03:16:00",97
"2020-11-11 20:31:19",97
"2020-11-11 21:50:46",97
"2020-11-09 22:44:59",216
